,label,score
0,non-toxic,0.9900246858596802
1,non-toxic,0.950505256652832
2,non-toxic,0.9984061121940612
3,non-toxic,0.9976329803466796
4,non-toxic,0.9981953501701356
5,non-toxic,0.955633282661438
6,non-toxic,0.99874746799469
7,non-toxic,0.9990420937538148
8,non-toxic,0.996041178703308
9,non-toxic,0.995732843875885
